"store";"websites";"attribute_set";"type";"category_ids";"sku";"has_options";"name";"image";"small_image";"thumbnail";"url_key";"options_container";"price";"weight";"status";"visibility";"tax_class_id";"description";"short_description";"qty";"min_qty";"use_config_min_qty";"is_qty_decimal";"backorders";"use_config_backorders";"min_sale_qty";"use_config_min_sale_qty";"max_sale_qty";"use_config_max_sale_qty";"is_in_stock";"low_stock_date";"notify_stock_qty";"use_config_notify_stock_qty";"manage_stock";"use_config_manage_stock";"stock_status_changed_auto";"use_config_qty_increments";"qty_increments";"use_config_enable_qty_inc";"enable_qty_increments";"is_decimal_divided";"stock_status_changed_automatically";"use_config_enable_qty_increments";"product_name";"store_id";"product_type_id";"product_status_changed";"product_changed_websites"
"default";"base";"Default";"simple";"2,58,59";"SKU10001_1";"1";"Mink Mix lashes-16lines-1";"/v/o/volume-lashes.jpg";"/v/o/volume-lashes.jpg";"/v/o/volume-lashes.jpg";"mink-mix-lashes-16lines-1";"Block after Info Column";"17.0000";"1.0000";"Enabled";"Not Visible Individually";"Taxable Goods";"<p>Maailman ensimmäiset laser menetelmällä tehdyt minkkiripset. Ne pysyvät huomattavasti pidempään kuin klassiset ripset. Niiden salaisuus on laser menetelmällä tehdyt mikroskooppiset urat vaaka- ja pystysuunnassa. Tämän ansiosta kiinnityksen pinta-alaa saadaan suuremmaksi, jolloin niiden pysyvyys on merkittävästi parempi. Lisäksi laser lash ripset ovat upeammat ja pehmeämmät, sekä kevyemmät.</p><p>Miksi vaihtaa laser lash ripsiin?- Loistavan kiinnityksen myötä teet asiakkaalle ripset nopeammin ja helpommin<br />- Kiinnittyy ja pysyy asiakkaan luonnollisissa ripsissä huomattavasti pidempään (1.5 kertaa kauemmin)<br />- Niiden ulkonäkö takaa varmasti tyytyväisen asiakkaan<br />- Upeat ripset markkinoivat palvelujasi tehokkaimmin, jonka myötä asiakasmääräsi varmasti kasvavat<br />- Nostat ripsienpidennyspalveluitesi laatua uudelle tasolle</p>";"<p>Maailman ensimmäiset laser menetelmällä tehdyt minkkiripset. Ne pysyvät huomattavasti pidempään kuin klassiset ripset. Niiden salaisuus on laser menetelmällä tehdyt mikroskooppiset urat vaaka- ja pystysuunnassa. Tämän ansiosta kiinnityksen pinta-alaa saadaan suuremmaksi, jolloin niiden pysyvyys on merkittävästi parempi. Lisäksi laser lash ripset ovat upeammat ja pehmeämmät, sekä kevyemmät.</p><p>Miksi vaihtaa laser lash ripsiin?- Loistavan kiinnityksen myötä teet asiakkaalle ripset nopeammin ja helpommin<br />- Kiinnittyy ja pysyy asiakkaan luonnollisissa ripsissä huomattavasti pidempään (1.5 kertaa kauemmin)<br />- Niiden ulkonäkö takaa varmasti tyytyväisen asiakkaan<br />- Upeat ripset markkinoivat palvelujasi tehokkaimmin, jonka myötä asiakasmääräsi varmasti kasvavat<br />- Nostat ripsienpidennyspalveluitesi laatua uudelle tasolle</p>";"1000.0000";"0.0000";"1";"0";"0";"1";"1.0000";"1";"0.0000";"1";"1";"";"";"1";"0";"1";"0";"1";"0.0000";"1";"0";"0";"0";"1";"Mink Mix lashes-16lines-1";"1";"simple";"";""
"default";"base";"Default";"simple";"2,58,59";"SKU10001_2";"1";"Mink Mix lashes-16lines-2";"/v/o/volume-lashes.jpg";"/v/o/volume-lashes.jpg";"/v/o/volume-lashes.jpg";"mink-mix-lashes-16lines-2";"Block after Info Column";"17.0000";"1.0000";"Enabled";"Not Visible Individually";"Taxable Goods";"<p>Maailman ensimmäiset laser menetelmällä tehdyt minkkiripset. Ne pysyvät huomattavasti pidempään kuin klassiset ripset. Niiden salaisuus on laser menetelmällä tehdyt mikroskooppiset urat vaaka- ja pystysuunnassa. Tämän ansiosta kiinnityksen pinta-alaa saadaan suuremmaksi, jolloin niiden pysyvyys on merkittävästi parempi. Lisäksi laser lash ripset ovat upeammat ja pehmeämmät, sekä kevyemmät.</p><p>Miksi vaihtaa laser lash ripsiin?- Loistavan kiinnityksen myötä teet asiakkaalle ripset nopeammin ja helpommin<br />- Kiinnittyy ja pysyy asiakkaan luonnollisissa ripsissä huomattavasti pidempään (1.5 kertaa kauemmin)<br />- Niiden ulkonäkö takaa varmasti tyytyväisen asiakkaan<br />- Upeat ripset markkinoivat palvelujasi tehokkaimmin, jonka myötä asiakasmääräsi varmasti kasvavat<br />- Nostat ripsienpidennyspalveluitesi laatua uudelle tasolle</p>";"<p>Maailman ensimmäiset laser menetelmällä tehdyt minkkiripset. Ne pysyvät huomattavasti pidempään kuin klassiset ripset. Niiden salaisuus on laser menetelmällä tehdyt mikroskooppiset urat vaaka- ja pystysuunnassa. Tämän ansiosta kiinnityksen pinta-alaa saadaan suuremmaksi, jolloin niiden pysyvyys on merkittävästi parempi. Lisäksi laser lash ripset ovat upeammat ja pehmeämmät, sekä kevyemmät.</p><p>Miksi vaihtaa laser lash ripsiin?- Loistavan kiinnityksen myötä teet asiakkaalle ripset nopeammin ja helpommin<br />- Kiinnittyy ja pysyy asiakkaan luonnollisissa ripsissä huomattavasti pidempään (1.5 kertaa kauemmin)<br />- Niiden ulkonäkö takaa varmasti tyytyväisen asiakkaan<br />- Upeat ripset markkinoivat palvelujasi tehokkaimmin, jonka myötä asiakasmääräsi varmasti kasvavat<br />- Nostat ripsienpidennyspalveluitesi laatua uudelle tasolle</p>";"1000.0000";"0.0000";"1";"0";"0";"1";"1.0000";"1";"0.0000";"1";"1";"";"";"1";"0";"1";"0";"1";"0.0000";"1";"0";"0";"0";"1";"Mink Mix lashes-16lines-2";"1";"simple";"";""
"default";"base";"Default";"simple";"2,58,59";"SKU10001_3";"1";"Mink Mix lashes-16lines-3";"/v/o/volume-lashes.jpg";"/v/o/volume-lashes.jpg";"/v/o/volume-lashes.jpg";"mink-mix-lashes-16lines-3";"Block after Info Column";"17.0000";"1.0000";"Enabled";"Not Visible Individually";"Taxable Goods";"<p>Maailman ensimmäiset laser menetelmällä tehdyt minkkiripset. Ne pysyvät huomattavasti pidempään kuin klassiset ripset. Niiden salaisuus on laser menetelmällä tehdyt mikroskooppiset urat vaaka- ja pystysuunnassa. Tämän ansiosta kiinnityksen pinta-alaa saadaan suuremmaksi, jolloin niiden pysyvyys on merkittävästi parempi. Lisäksi laser lash ripset ovat upeammat ja pehmeämmät, sekä kevyemmät.</p><p>Miksi vaihtaa laser lash ripsiin?- Loistavan kiinnityksen myötä teet asiakkaalle ripset nopeammin ja helpommin<br />- Kiinnittyy ja pysyy asiakkaan luonnollisissa ripsissä huomattavasti pidempään (1.5 kertaa kauemmin)<br />- Niiden ulkonäkö takaa varmasti tyytyväisen asiakkaan<br />- Upeat ripset markkinoivat palvelujasi tehokkaimmin, jonka myötä asiakasmääräsi varmasti kasvavat<br />- Nostat ripsienpidennyspalveluitesi laatua uudelle tasolle</p>";"<p>Maailman ensimmäiset laser menetelmällä tehdyt minkkiripset. Ne pysyvät huomattavasti pidempään kuin klassiset ripset. Niiden salaisuus on laser menetelmällä tehdyt mikroskooppiset urat vaaka- ja pystysuunnassa. Tämän ansiosta kiinnityksen pinta-alaa saadaan suuremmaksi, jolloin niiden pysyvyys on merkittävästi parempi. Lisäksi laser lash ripset ovat upeammat ja pehmeämmät, sekä kevyemmät.</p><p>Miksi vaihtaa laser lash ripsiin?- Loistavan kiinnityksen myötä teet asiakkaalle ripset nopeammin ja helpommin<br />- Kiinnittyy ja pysyy asiakkaan luonnollisissa ripsissä huomattavasti pidempään (1.5 kertaa kauemmin)<br />- Niiden ulkonäkö takaa varmasti tyytyväisen asiakkaan<br />- Upeat ripset markkinoivat palvelujasi tehokkaimmin, jonka myötä asiakasmääräsi varmasti kasvavat<br />- Nostat ripsienpidennyspalveluitesi laatua uudelle tasolle</p>";"1000.0000";"0.0000";"1";"0";"0";"1";"1.0000";"1";"0.0000";"1";"1";"";"";"1";"0";"1";"0";"1";"0.0000";"1";"0";"0";"0";"1";"Mink Mix lashes-16lines-3";"1";"simple";"";""
"default";"base";"Default";"simple";"2,58,59";"SKU10001_4";"1";"Mink Mix lashes-16lines-4";"/v/o/volume-lashes.jpg";"/v/o/volume-lashes.jpg";"/v/o/volume-lashes.jpg";"mink-mix-lashes-16lines-4";"Block after Info Column";"17.5000";"1.0000";"Enabled";"Not Visible Individually";"Taxable Goods";"<p>Maailman ensimmäiset laser menetelmällä tehdyt minkkiripset. Ne pysyvät huomattavasti pidempään kuin klassiset ripset. Niiden salaisuus on laser menetelmällä tehdyt mikroskooppiset urat vaaka- ja pystysuunnassa. Tämän ansiosta kiinnityksen pinta-alaa saadaan suuremmaksi, jolloin niiden pysyvyys on merkittävästi parempi. Lisäksi laser lash ripset ovat upeammat ja pehmeämmät, sekä kevyemmät.</p><p>Miksi vaihtaa laser lash ripsiin?- Loistavan kiinnityksen myötä teet asiakkaalle ripset nopeammin ja helpommin<br />- Kiinnittyy ja pysyy asiakkaan luonnollisissa ripsissä huomattavasti pidempään (1.5 kertaa kauemmin)<br />- Niiden ulkonäkö takaa varmasti tyytyväisen asiakkaan<br />- Upeat ripset markkinoivat palvelujasi tehokkaimmin, jonka myötä asiakasmääräsi varmasti kasvavat<br />- Nostat ripsienpidennyspalveluitesi laatua uudelle tasolle</p>";"<p>Maailman ensimmäiset laser menetelmällä tehdyt minkkiripset. Ne pysyvät huomattavasti pidempään kuin klassiset ripset. Niiden salaisuus on laser menetelmällä tehdyt mikroskooppiset urat vaaka- ja pystysuunnassa. Tämän ansiosta kiinnityksen pinta-alaa saadaan suuremmaksi, jolloin niiden pysyvyys on merkittävästi parempi. Lisäksi laser lash ripset ovat upeammat ja pehmeämmät, sekä kevyemmät.</p><p>Miksi vaihtaa laser lash ripsiin?- Loistavan kiinnityksen myötä teet asiakkaalle ripset nopeammin ja helpommin<br />- Kiinnittyy ja pysyy asiakkaan luonnollisissa ripsissä huomattavasti pidempään (1.5 kertaa kauemmin)<br />- Niiden ulkonäkö takaa varmasti tyytyväisen asiakkaan<br />- Upeat ripset markkinoivat palvelujasi tehokkaimmin, jonka myötä asiakasmääräsi varmasti kasvavat<br />- Nostat ripsienpidennyspalveluitesi laatua uudelle tasolle</p>";"1000.0000";"0.0000";"1";"0";"0";"1";"1.0000";"1";"0.0000";"1";"1";"";"";"1";"0";"1";"0";"1";"0.0000";"1";"0";"0";"0";"1";"Mink Mix lashes-16lines-4";"1";"simple";"";""
"default";"base";"Default";"simple";"2,58,59";"SKU10001_5";"1";"Mink Mix lashes-16lines-5";"/v/o/volume-lashes.jpg";"/v/o/volume-lashes.jpg";"/v/o/volume-lashes.jpg";"mink-mix-lashes-16lines-5";"Block after Info Column";"18.5000";"1.0000";"Enabled";"Not Visible Individually";"Taxable Goods";"<p>Maailman ensimmäiset laser menetelmällä tehdyt minkkiripset. Ne pysyvät huomattavasti pidempään kuin klassiset ripset. Niiden salaisuus on laser menetelmällä tehdyt mikroskooppiset urat vaaka- ja pystysuunnassa. Tämän ansiosta kiinnityksen pinta-alaa saadaan suuremmaksi, jolloin niiden pysyvyys on merkittävästi parempi. Lisäksi laser lash ripset ovat upeammat ja pehmeämmät, sekä kevyemmät.</p><p>Miksi vaihtaa laser lash ripsiin?- Loistavan kiinnityksen myötä teet asiakkaalle ripset nopeammin ja helpommin<br />- Kiinnittyy ja pysyy asiakkaan luonnollisissa ripsissä huomattavasti pidempään (1.5 kertaa kauemmin)<br />- Niiden ulkonäkö takaa varmasti tyytyväisen asiakkaan<br />- Upeat ripset markkinoivat palvelujasi tehokkaimmin, jonka myötä asiakasmääräsi varmasti kasvavat<br />- Nostat ripsienpidennyspalveluitesi laatua uudelle tasolle</p>";"<p>Maailman ensimmäiset laser menetelmällä tehdyt minkkiripset. Ne pysyvät huomattavasti pidempään kuin klassiset ripset. Niiden salaisuus on laser menetelmällä tehdyt mikroskooppiset urat vaaka- ja pystysuunnassa. Tämän ansiosta kiinnityksen pinta-alaa saadaan suuremmaksi, jolloin niiden pysyvyys on merkittävästi parempi. Lisäksi laser lash ripset ovat upeammat ja pehmeämmät, sekä kevyemmät.</p><p>Miksi vaihtaa laser lash ripsiin?- Loistavan kiinnityksen myötä teet asiakkaalle ripset nopeammin ja helpommin<br />- Kiinnittyy ja pysyy asiakkaan luonnollisissa ripsissä huomattavasti pidempään (1.5 kertaa kauemmin)<br />- Niiden ulkonäkö takaa varmasti tyytyväisen asiakkaan<br />- Upeat ripset markkinoivat palvelujasi tehokkaimmin, jonka myötä asiakasmääräsi varmasti kasvavat<br />- Nostat ripsienpidennyspalveluitesi laatua uudelle tasolle</p>";"1000.0000";"0.0000";"1";"0";"0";"1";"1.0000";"1";"0.0000";"1";"1";"";"";"1";"0";"1";"0";"1";"0.0000";"1";"0";"0";"0";"1";"Mink Mix lashes-16lines-5";"1";"simple";"";""
"default";"base";"Default";"simple";"2,58,60";"SKU10001_6";"1";"Mink Mix lashes-16lines-6";"/v/o/volume-lashes.jpg";"/v/o/volume-lashes.jpg";"/v/o/volume-lashes.jpg";"mink-mix-lashes-16lines-6";"Block after Info Column";"19.5000";"1.0000";"Enabled";"Not Visible Individually";"Taxable Goods";"<p>Maailman ensimmäiset laser menetelmällä tehdyt minkkiripset. Ne pysyvät huomattavasti pidempään kuin klassiset ripset. Niiden salaisuus on laser menetelmällä tehdyt mikroskooppiset urat vaaka- ja pystysuunnassa. Tämän ansiosta kiinnityksen pinta-alaa saadaan suuremmaksi, jolloin niiden pysyvyys on merkittävästi parempi. Lisäksi laser lash ripset ovat upeammat ja pehmeämmät, sekä kevyemmät.</p><p>Miksi vaihtaa laser lash ripsiin?- Loistavan kiinnityksen myötä teet asiakkaalle ripset nopeammin ja helpommin<br />- Kiinnittyy ja pysyy asiakkaan luonnollisissa ripsissä huomattavasti pidempään (1.5 kertaa kauemmin)<br />- Niiden ulkonäkö takaa varmasti tyytyväisen asiakkaan<br />- Upeat ripset markkinoivat palvelujasi tehokkaimmin, jonka myötä asiakasmääräsi varmasti kasvavat<br />- Nostat ripsienpidennyspalveluitesi laatua uudelle tasolle</p>";"<p>Maailman ensimmäiset laser menetelmällä tehdyt minkkiripset. Ne pysyvät huomattavasti pidempään kuin klassiset ripset. Niiden salaisuus on laser menetelmällä tehdyt mikroskooppiset urat vaaka- ja pystysuunnassa. Tämän ansiosta kiinnityksen pinta-alaa saadaan suuremmaksi, jolloin niiden pysyvyys on merkittävästi parempi. Lisäksi laser lash ripset ovat upeammat ja pehmeämmät, sekä kevyemmät.</p><p>Miksi vaihtaa laser lash ripsiin?- Loistavan kiinnityksen myötä teet asiakkaalle ripset nopeammin ja helpommin<br />- Kiinnittyy ja pysyy asiakkaan luonnollisissa ripsissä huomattavasti pidempään (1.5 kertaa kauemmin)<br />- Niiden ulkonäkö takaa varmasti tyytyväisen asiakkaan<br />- Upeat ripset markkinoivat palvelujasi tehokkaimmin, jonka myötä asiakasmääräsi varmasti kasvavat<br />- Nostat ripsienpidennyspalveluitesi laatua uudelle tasolle</p>";"1000.0000";"0.0000";"1";"0";"0";"1";"1.0000";"1";"0.0000";"1";"1";"";"";"1";"0";"1";"0";"1";"0.0000";"1";"0";"0";"0";"1";"Mink Mix lashes-16lines-6";"1";"simple";"";""
"default";"base";"Default";"simple";"2,58,60";"SKU10001_7";"1";"Mink Mix lashes-16lines-7";"/v/o/volume-lashes.jpg";"/v/o/volume-lashes.jpg";"/v/o/volume-lashes.jpg";"mink-mix-lashes-16lines-7";"Block after Info Column";"20.5000";"1.0000";"Enabled";"Not Visible Individually";"Taxable Goods";"<p>Maailman ensimmäiset laser menetelmällä tehdyt minkkiripset. Ne pysyvät huomattavasti pidempään kuin klassiset ripset. Niiden salaisuus on laser menetelmällä tehdyt mikroskooppiset urat vaaka- ja pystysuunnassa. Tämän ansiosta kiinnityksen pinta-alaa saadaan suuremmaksi, jolloin niiden pysyvyys on merkittävästi parempi. Lisäksi laser lash ripset ovat upeammat ja pehmeämmät, sekä kevyemmät.</p><p>Miksi vaihtaa laser lash ripsiin?- Loistavan kiinnityksen myötä teet asiakkaalle ripset nopeammin ja helpommin<br />- Kiinnittyy ja pysyy asiakkaan luonnollisissa ripsissä huomattavasti pidempään (1.5 kertaa kauemmin)<br />- Niiden ulkonäkö takaa varmasti tyytyväisen asiakkaan<br />- Upeat ripset markkinoivat palvelujasi tehokkaimmin, jonka myötä asiakasmääräsi varmasti kasvavat<br />- Nostat ripsienpidennyspalveluitesi laatua uudelle tasolle</p>";"<p>Maailman ensimmäiset laser menetelmällä tehdyt minkkiripset. Ne pysyvät huomattavasti pidempään kuin klassiset ripset. Niiden salaisuus on laser menetelmällä tehdyt mikroskooppiset urat vaaka- ja pystysuunnassa. Tämän ansiosta kiinnityksen pinta-alaa saadaan suuremmaksi, jolloin niiden pysyvyys on merkittävästi parempi. Lisäksi laser lash ripset ovat upeammat ja pehmeämmät, sekä kevyemmät.</p><p>Miksi vaihtaa laser lash ripsiin?- Loistavan kiinnityksen myötä teet asiakkaalle ripset nopeammin ja helpommin<br />- Kiinnittyy ja pysyy asiakkaan luonnollisissa ripsissä huomattavasti pidempään (1.5 kertaa kauemmin)<br />- Niiden ulkonäkö takaa varmasti tyytyväisen asiakkaan<br />- Upeat ripset markkinoivat palvelujasi tehokkaimmin, jonka myötä asiakasmääräsi varmasti kasvavat<br />- Nostat ripsienpidennyspalveluitesi laatua uudelle tasolle</p>";"1000.0000";"0.0000";"1";"0";"0";"1";"1.0000";"1";"0.0000";"1";"1";"";"";"1";"0";"1";"0";"1";"0.0000";"1";"0";"0";"0";"1";"Mink Mix lashes-16lines-7";"1";"simple";"";""
"default";"base";"Default";"simple";"2,58,60";"SKU10001_8";"1";"Mink Mix lashes-16lines-8";"/v/o/volume-lashes.jpg";"/v/o/volume-lashes.jpg";"/v/o/volume-lashes.jpg";"mink-mix-lashes-16lines-8";"Block after Info Column";"21.5000";"1.0000";"Enabled";"Not Visible Individually";"Taxable Goods";"<p>Maailman ensimmäiset laser menetelmällä tehdyt minkkiripset. Ne pysyvät huomattavasti pidempään kuin klassiset ripset. Niiden salaisuus on laser menetelmällä tehdyt mikroskooppiset urat vaaka- ja pystysuunnassa. Tämän ansiosta kiinnityksen pinta-alaa saadaan suuremmaksi, jolloin niiden pysyvyys on merkittävästi parempi. Lisäksi laser lash ripset ovat upeammat ja pehmeämmät, sekä kevyemmät.</p><p>Miksi vaihtaa laser lash ripsiin?- Loistavan kiinnityksen myötä teet asiakkaalle ripset nopeammin ja helpommin<br />- Kiinnittyy ja pysyy asiakkaan luonnollisissa ripsissä huomattavasti pidempään (1.5 kertaa kauemmin)<br />- Niiden ulkonäkö takaa varmasti tyytyväisen asiakkaan<br />- Upeat ripset markkinoivat palvelujasi tehokkaimmin, jonka myötä asiakasmääräsi varmasti kasvavat<br />- Nostat ripsienpidennyspalveluitesi laatua uudelle tasolle</p>";"<p>Maailman ensimmäiset laser menetelmällä tehdyt minkkiripset. Ne pysyvät huomattavasti pidempään kuin klassiset ripset. Niiden salaisuus on laser menetelmällä tehdyt mikroskooppiset urat vaaka- ja pystysuunnassa. Tämän ansiosta kiinnityksen pinta-alaa saadaan suuremmaksi, jolloin niiden pysyvyys on merkittävästi parempi. Lisäksi laser lash ripset ovat upeammat ja pehmeämmät, sekä kevyemmät.</p><p>Miksi vaihtaa laser lash ripsiin?- Loistavan kiinnityksen myötä teet asiakkaalle ripset nopeammin ja helpommin<br />- Kiinnittyy ja pysyy asiakkaan luonnollisissa ripsissä huomattavasti pidempään (1.5 kertaa kauemmin)<br />- Niiden ulkonäkö takaa varmasti tyytyväisen asiakkaan<br />- Upeat ripset markkinoivat palvelujasi tehokkaimmin, jonka myötä asiakasmääräsi varmasti kasvavat<br />- Nostat ripsienpidennyspalveluitesi laatua uudelle tasolle</p>";"1000.0000";"0.0000";"1";"0";"0";"1";"1.0000";"1";"0.0000";"1";"1";"";"";"1";"0";"1";"0";"1";"0.0000";"1";"0";"0";"0";"1";"Mink Mix lashes-16lines-8";"1";"simple";"";""
"default";"base";"Default";"simple";"2,58,60";"SKU10001_9";"1";"Mink Mix lashes-16lines-9";"/v/o/volume-lashes.jpg";"/v/o/volume-lashes.jpg";"/v/o/volume-lashes.jpg";"mink-mix-lashes-16lines-9";"Block after Info Column";"22.5000";"1.0000";"Enabled";"Not Visible Individually";"Taxable Goods";"<p>Maailman ensimmäiset laser menetelmällä tehdyt minkkiripset. Ne pysyvät huomattavasti pidempään kuin klassiset ripset. Niiden salaisuus on laser menetelmällä tehdyt mikroskooppiset urat vaaka- ja pystysuunnassa. Tämän ansiosta kiinnityksen pinta-alaa saadaan suuremmaksi, jolloin niiden pysyvyys on merkittävästi parempi. Lisäksi laser lash ripset ovat upeammat ja pehmeämmät, sekä kevyemmät.</p><p>Miksi vaihtaa laser lash ripsiin?- Loistavan kiinnityksen myötä teet asiakkaalle ripset nopeammin ja helpommin<br />- Kiinnittyy ja pysyy asiakkaan luonnollisissa ripsissä huomattavasti pidempään (1.5 kertaa kauemmin)<br />- Niiden ulkonäkö takaa varmasti tyytyväisen asiakkaan<br />- Upeat ripset markkinoivat palvelujasi tehokkaimmin, jonka myötä asiakasmääräsi varmasti kasvavat<br />- Nostat ripsienpidennyspalveluitesi laatua uudelle tasolle</p>";"<p>Maailman ensimmäiset laser menetelmällä tehdyt minkkiripset. Ne pysyvät huomattavasti pidempään kuin klassiset ripset. Niiden salaisuus on laser menetelmällä tehdyt mikroskooppiset urat vaaka- ja pystysuunnassa. Tämän ansiosta kiinnityksen pinta-alaa saadaan suuremmaksi, jolloin niiden pysyvyys on merkittävästi parempi. Lisäksi laser lash ripset ovat upeammat ja pehmeämmät, sekä kevyemmät.</p><p>Miksi vaihtaa laser lash ripsiin?- Loistavan kiinnityksen myötä teet asiakkaalle ripset nopeammin ja helpommin<br />- Kiinnittyy ja pysyy asiakkaan luonnollisissa ripsissä huomattavasti pidempään (1.5 kertaa kauemmin)<br />- Niiden ulkonäkö takaa varmasti tyytyväisen asiakkaan<br />- Upeat ripset markkinoivat palvelujasi tehokkaimmin, jonka myötä asiakasmääräsi varmasti kasvavat<br />- Nostat ripsienpidennyspalveluitesi laatua uudelle tasolle</p>";"1000.0000";"0.0000";"1";"0";"0";"1";"1.0000";"1";"0.0000";"1";"1";"";"";"1";"0";"1";"0";"1";"0.0000";"1";"0";"0";"0";"1";"Mink Mix lashes-16lines-9";"1";"simple";"";""
"default";"base";"Default";"simple";"2,58,60";"SKU10001_10";"1";"Mink Mix lashes-16lines-10";"/v/o/volume-lashes.jpg";"/v/o/volume-lashes.jpg";"/v/o/volume-lashes.jpg";"mink-mix-lashes-16lines-10";"Block after Info Column";"23.5000";"1.0000";"Enabled";"Not Visible Individually";"Taxable Goods";"<p>Maailman ensimmäiset laser menetelmällä tehdyt minkkiripset. Ne pysyvät huomattavasti pidempään kuin klassiset ripset. Niiden salaisuus on laser menetelmällä tehdyt mikroskooppiset urat vaaka- ja pystysuunnassa. Tämän ansiosta kiinnityksen pinta-alaa saadaan suuremmaksi, jolloin niiden pysyvyys on merkittävästi parempi. Lisäksi laser lash ripset ovat upeammat ja pehmeämmät, sekä kevyemmät.</p><p>Miksi vaihtaa laser lash ripsiin?- Loistavan kiinnityksen myötä teet asiakkaalle ripset nopeammin ja helpommin<br />- Kiinnittyy ja pysyy asiakkaan luonnollisissa ripsissä huomattavasti pidempään (1.5 kertaa kauemmin)<br />- Niiden ulkonäkö takaa varmasti tyytyväisen asiakkaan<br />- Upeat ripset markkinoivat palvelujasi tehokkaimmin, jonka myötä asiakasmääräsi varmasti kasvavat<br />- Nostat ripsienpidennyspalveluitesi laatua uudelle tasolle</p>";"<p>Maailman ensimmäiset laser menetelmällä tehdyt minkkiripset. Ne pysyvät huomattavasti pidempään kuin klassiset ripset. Niiden salaisuus on laser menetelmällä tehdyt mikroskooppiset urat vaaka- ja pystysuunnassa. Tämän ansiosta kiinnityksen pinta-alaa saadaan suuremmaksi, jolloin niiden pysyvyys on merkittävästi parempi. Lisäksi laser lash ripset ovat upeammat ja pehmeämmät, sekä kevyemmät.</p><p>Miksi vaihtaa laser lash ripsiin?- Loistavan kiinnityksen myötä teet asiakkaalle ripset nopeammin ja helpommin<br />- Kiinnittyy ja pysyy asiakkaan luonnollisissa ripsissä huomattavasti pidempään (1.5 kertaa kauemmin)<br />- Niiden ulkonäkö takaa varmasti tyytyväisen asiakkaan<br />- Upeat ripset markkinoivat palvelujasi tehokkaimmin, jonka myötä asiakasmääräsi varmasti kasvavat<br />- Nostat ripsienpidennyspalveluitesi laatua uudelle tasolle</p>";"1000.0000";"0.0000";"1";"0";"0";"1";"1.0000";"1";"0.0000";"1";"1";"";"";"1";"0";"1";"0";"1";"0.0000";"1";"0";"0";"0";"1";"Mink Mix lashes-16lines-10";"1";"simple";"";""
"default";"base";"Default";"simple";"2,61,62";"SKU10001_11";"1";"Mink Mix lashes-16lines-11";"/v/o/volume-lashes.jpg";"/v/o/volume-lashes.jpg";"/v/o/volume-lashes.jpg";"mink-mix-lashes-16lines-11";"Block after Info Column";"24.5000";"1.0000";"Enabled";"Not Visible Individually";"Taxable Goods";"<p>Maailman ensimmäiset laser menetelmällä tehdyt minkkiripset. Ne pysyvät huomattavasti pidempään kuin klassiset ripset. Niiden salaisuus on laser menetelmällä tehdyt mikroskooppiset urat vaaka- ja pystysuunnassa. Tämän ansiosta kiinnityksen pinta-alaa saadaan suuremmaksi, jolloin niiden pysyvyys on merkittävästi parempi. Lisäksi laser lash ripset ovat upeammat ja pehmeämmät, sekä kevyemmät.</p><p>Miksi vaihtaa laser lash ripsiin?- Loistavan kiinnityksen myötä teet asiakkaalle ripset nopeammin ja helpommin<br />- Kiinnittyy ja pysyy asiakkaan luonnollisissa ripsissä huomattavasti pidempään (1.5 kertaa kauemmin)<br />- Niiden ulkonäkö takaa varmasti tyytyväisen asiakkaan<br />- Upeat ripset markkinoivat palvelujasi tehokkaimmin, jonka myötä asiakasmääräsi varmasti kasvavat<br />- Nostat ripsienpidennyspalveluitesi laatua uudelle tasolle</p>";"<p>Maailman ensimmäiset laser menetelmällä tehdyt minkkiripset. Ne pysyvät huomattavasti pidempään kuin klassiset ripset. Niiden salaisuus on laser menetelmällä tehdyt mikroskooppiset urat vaaka- ja pystysuunnassa. Tämän ansiosta kiinnityksen pinta-alaa saadaan suuremmaksi, jolloin niiden pysyvyys on merkittävästi parempi. Lisäksi laser lash ripset ovat upeammat ja pehmeämmät, sekä kevyemmät.</p><p>Miksi vaihtaa laser lash ripsiin?- Loistavan kiinnityksen myötä teet asiakkaalle ripset nopeammin ja helpommin<br />- Kiinnittyy ja pysyy asiakkaan luonnollisissa ripsissä huomattavasti pidempään (1.5 kertaa kauemmin)<br />- Niiden ulkonäkö takaa varmasti tyytyväisen asiakkaan<br />- Upeat ripset markkinoivat palvelujasi tehokkaimmin, jonka myötä asiakasmääräsi varmasti kasvavat<br />- Nostat ripsienpidennyspalveluitesi laatua uudelle tasolle</p>";"1000.0000";"0.0000";"1";"0";"0";"1";"1.0000";"1";"0.0000";"1";"1";"";"";"1";"0";"1";"0";"1";"0.0000";"1";"0";"0";"0";"1";"Mink Mix lashes-16lines-11";"1";"simple";"";""
"default";"base";"Default";"simple";"2,61,62";"SKU10001_12";"1";"Mink Mix lashes-16lines-12";"/v/o/volume-lashes.jpg";"/v/o/volume-lashes.jpg";"/v/o/volume-lashes.jpg";"mink-mix-lashes-16lines-12";"Block after Info Column";"17.8000";"1.0000";"Enabled";"Not Visible Individually";"Taxable Goods";"<p>Maailman ensimmäiset laser menetelmällä tehdyt minkkiripset. Ne pysyvät huomattavasti pidempään kuin klassiset ripset. Niiden salaisuus on laser menetelmällä tehdyt mikroskooppiset urat vaaka- ja pystysuunnassa. Tämän ansiosta kiinnityksen pinta-alaa saadaan suuremmaksi, jolloin niiden pysyvyys on merkittävästi parempi. Lisäksi laser lash ripset ovat upeammat ja pehmeämmät, sekä kevyemmät.</p><p>Miksi vaihtaa laser lash ripsiin?- Loistavan kiinnityksen myötä teet asiakkaalle ripset nopeammin ja helpommin<br />- Kiinnittyy ja pysyy asiakkaan luonnollisissa ripsissä huomattavasti pidempään (1.5 kertaa kauemmin)<br />- Niiden ulkonäkö takaa varmasti tyytyväisen asiakkaan<br />- Upeat ripset markkinoivat palvelujasi tehokkaimmin, jonka myötä asiakasmääräsi varmasti kasvavat<br />- Nostat ripsienpidennyspalveluitesi laatua uudelle tasolle</p>";"<p>Maailman ensimmäiset laser menetelmällä tehdyt minkkiripset. Ne pysyvät huomattavasti pidempään kuin klassiset ripset. Niiden salaisuus on laser menetelmällä tehdyt mikroskooppiset urat vaaka- ja pystysuunnassa. Tämän ansiosta kiinnityksen pinta-alaa saadaan suuremmaksi, jolloin niiden pysyvyys on merkittävästi parempi. Lisäksi laser lash ripset ovat upeammat ja pehmeämmät, sekä kevyemmät.</p><p>Miksi vaihtaa laser lash ripsiin?- Loistavan kiinnityksen myötä teet asiakkaalle ripset nopeammin ja helpommin<br />- Kiinnittyy ja pysyy asiakkaan luonnollisissa ripsissä huomattavasti pidempään (1.5 kertaa kauemmin)<br />- Niiden ulkonäkö takaa varmasti tyytyväisen asiakkaan<br />- Upeat ripset markkinoivat palvelujasi tehokkaimmin, jonka myötä asiakasmääräsi varmasti kasvavat<br />- Nostat ripsienpidennyspalveluitesi laatua uudelle tasolle</p>";"1000.0000";"0.0000";"1";"0";"0";"1";"1.0000";"1";"0.0000";"1";"1";"";"";"1";"0";"1";"0";"1";"0.0000";"1";"0";"0";"0";"1";"Mink Mix lashes-16lines-12";"1";"simple";"";""
"default";"base";"Default";"simple";"2,61,62";"SKU10001_13";"1";"Mink Mix lashes-16lines-13";"/v/o/volume-lashes.jpg";"/v/o/volume-lashes.jpg";"/v/o/volume-lashes.jpg";"mink-mix-lashes-16lines-13";"Block after Info Column";"18.8000";"1.0000";"Enabled";"Not Visible Individually";"Taxable Goods";"<p>Maailman ensimmäiset laser menetelmällä tehdyt minkkiripset. Ne pysyvät huomattavasti pidempään kuin klassiset ripset. Niiden salaisuus on laser menetelmällä tehdyt mikroskooppiset urat vaaka- ja pystysuunnassa. Tämän ansiosta kiinnityksen pinta-alaa saadaan suuremmaksi, jolloin niiden pysyvyys on merkittävästi parempi. Lisäksi laser lash ripset ovat upeammat ja pehmeämmät, sekä kevyemmät.</p><p>Miksi vaihtaa laser lash ripsiin?- Loistavan kiinnityksen myötä teet asiakkaalle ripset nopeammin ja helpommin<br />- Kiinnittyy ja pysyy asiakkaan luonnollisissa ripsissä huomattavasti pidempään (1.5 kertaa kauemmin)<br />- Niiden ulkonäkö takaa varmasti tyytyväisen asiakkaan<br />- Upeat ripset markkinoivat palvelujasi tehokkaimmin, jonka myötä asiakasmääräsi varmasti kasvavat<br />- Nostat ripsienpidennyspalveluitesi laatua uudelle tasolle</p>";"<p>Maailman ensimmäiset laser menetelmällä tehdyt minkkiripset. Ne pysyvät huomattavasti pidempään kuin klassiset ripset. Niiden salaisuus on laser menetelmällä tehdyt mikroskooppiset urat vaaka- ja pystysuunnassa. Tämän ansiosta kiinnityksen pinta-alaa saadaan suuremmaksi, jolloin niiden pysyvyys on merkittävästi parempi. Lisäksi laser lash ripset ovat upeammat ja pehmeämmät, sekä kevyemmät.</p><p>Miksi vaihtaa laser lash ripsiin?- Loistavan kiinnityksen myötä teet asiakkaalle ripset nopeammin ja helpommin<br />- Kiinnittyy ja pysyy asiakkaan luonnollisissa ripsissä huomattavasti pidempään (1.5 kertaa kauemmin)<br />- Niiden ulkonäkö takaa varmasti tyytyväisen asiakkaan<br />- Upeat ripset markkinoivat palvelujasi tehokkaimmin, jonka myötä asiakasmääräsi varmasti kasvavat<br />- Nostat ripsienpidennyspalveluitesi laatua uudelle tasolle</p>";"1000.0000";"0.0000";"1";"0";"0";"1";"1.0000";"1";"0.0000";"1";"1";"";"";"1";"0";"1";"0";"1";"0.0000";"1";"0";"0";"0";"1";"Mink Mix lashes-16lines-13";"1";"simple";"";""
"default";"base";"Default";"simple";"2,61,62";"SKU10001_14";"1";"Mink Mix lashes-16lines-14";"/v/o/volume-lashes.jpg";"/v/o/volume-lashes.jpg";"/v/o/volume-lashes.jpg";"mink-mix-lashes-16lines-14";"Block after Info Column";"19.8000";"1.0000";"Enabled";"Not Visible Individually";"Taxable Goods";"<p>Maailman ensimmäiset laser menetelmällä tehdyt minkkiripset. Ne pysyvät huomattavasti pidempään kuin klassiset ripset. Niiden salaisuus on laser menetelmällä tehdyt mikroskooppiset urat vaaka- ja pystysuunnassa. Tämän ansiosta kiinnityksen pinta-alaa saadaan suuremmaksi, jolloin niiden pysyvyys on merkittävästi parempi. Lisäksi laser lash ripset ovat upeammat ja pehmeämmät, sekä kevyemmät.</p><p>Miksi vaihtaa laser lash ripsiin?- Loistavan kiinnityksen myötä teet asiakkaalle ripset nopeammin ja helpommin<br />- Kiinnittyy ja pysyy asiakkaan luonnollisissa ripsissä huomattavasti pidempään (1.5 kertaa kauemmin)<br />- Niiden ulkonäkö takaa varmasti tyytyväisen asiakkaan<br />- Upeat ripset markkinoivat palvelujasi tehokkaimmin, jonka myötä asiakasmääräsi varmasti kasvavat<br />- Nostat ripsienpidennyspalveluitesi laatua uudelle tasolle</p>";"<p>Maailman ensimmäiset laser menetelmällä tehdyt minkkiripset. Ne pysyvät huomattavasti pidempään kuin klassiset ripset. Niiden salaisuus on laser menetelmällä tehdyt mikroskooppiset urat vaaka- ja pystysuunnassa. Tämän ansiosta kiinnityksen pinta-alaa saadaan suuremmaksi, jolloin niiden pysyvyys on merkittävästi parempi. Lisäksi laser lash ripset ovat upeammat ja pehmeämmät, sekä kevyemmät.</p><p>Miksi vaihtaa laser lash ripsiin?- Loistavan kiinnityksen myötä teet asiakkaalle ripset nopeammin ja helpommin<br />- Kiinnittyy ja pysyy asiakkaan luonnollisissa ripsissä huomattavasti pidempään (1.5 kertaa kauemmin)<br />- Niiden ulkonäkö takaa varmasti tyytyväisen asiakkaan<br />- Upeat ripset markkinoivat palvelujasi tehokkaimmin, jonka myötä asiakasmääräsi varmasti kasvavat<br />- Nostat ripsienpidennyspalveluitesi laatua uudelle tasolle</p>";"1000.0000";"0.0000";"1";"0";"0";"1";"1.0000";"1";"0.0000";"1";"1";"";"";"1";"0";"1";"0";"1";"0.0000";"1";"0";"0";"0";"1";"Mink Mix lashes-16lines-14";"1";"simple";"";""
"default";"base";"Default";"simple";"2,61,62";"SKU10001_15";"1";"Mink Mix lashes-16lines-15";"/v/o/volume-lashes.jpg";"/v/o/volume-lashes.jpg";"/v/o/volume-lashes.jpg";"mink-mix-lashes-16lines-15";"Block after Info Column";"20.8000";"1.0000";"Enabled";"Not Visible Individually";"Taxable Goods";"<p>Maailman ensimmäiset laser menetelmällä tehdyt minkkiripset. Ne pysyvät huomattavasti pidempään kuin klassiset ripset. Niiden salaisuus on laser menetelmällä tehdyt mikroskooppiset urat vaaka- ja pystysuunnassa. Tämän ansiosta kiinnityksen pinta-alaa saadaan suuremmaksi, jolloin niiden pysyvyys on merkittävästi parempi. Lisäksi laser lash ripset ovat upeammat ja pehmeämmät, sekä kevyemmät.</p><p>Miksi vaihtaa laser lash ripsiin?- Loistavan kiinnityksen myötä teet asiakkaalle ripset nopeammin ja helpommin<br />- Kiinnittyy ja pysyy asiakkaan luonnollisissa ripsissä huomattavasti pidempään (1.5 kertaa kauemmin)<br />- Niiden ulkonäkö takaa varmasti tyytyväisen asiakkaan<br />- Upeat ripset markkinoivat palvelujasi tehokkaimmin, jonka myötä asiakasmääräsi varmasti kasvavat<br />- Nostat ripsienpidennyspalveluitesi laatua uudelle tasolle</p>";"<p>Maailman ensimmäiset laser menetelmällä tehdyt minkkiripset. Ne pysyvät huomattavasti pidempään kuin klassiset ripset. Niiden salaisuus on laser menetelmällä tehdyt mikroskooppiset urat vaaka- ja pystysuunnassa. Tämän ansiosta kiinnityksen pinta-alaa saadaan suuremmaksi, jolloin niiden pysyvyys on merkittävästi parempi. Lisäksi laser lash ripset ovat upeammat ja pehmeämmät, sekä kevyemmät.</p><p>Miksi vaihtaa laser lash ripsiin?- Loistavan kiinnityksen myötä teet asiakkaalle ripset nopeammin ja helpommin<br />- Kiinnittyy ja pysyy asiakkaan luonnollisissa ripsissä huomattavasti pidempään (1.5 kertaa kauemmin)<br />- Niiden ulkonäkö takaa varmasti tyytyväisen asiakkaan<br />- Upeat ripset markkinoivat palvelujasi tehokkaimmin, jonka myötä asiakasmääräsi varmasti kasvavat<br />- Nostat ripsienpidennyspalveluitesi laatua uudelle tasolle</p>";"1000.0000";"0.0000";"1";"0";"0";"1";"1.0000";"1";"0.0000";"1";"1";"";"";"1";"0";"1";"0";"1";"0.0000";"1";"0";"0";"0";"1";"Mink Mix lashes-16lines-15";"1";"simple";"";""
"default";"base";"Default";"simple";"2,61,63";"SKU10001_16";"1";"Mink Mix lashes-16lines-16";"/v/o/volume-lashes.jpg";"/v/o/volume-lashes.jpg";"/v/o/volume-lashes.jpg";"mink-mix-lashes-16lines-16";"Block after Info Column";"21.8000";"1.0000";"Enabled";"Not Visible Individually";"Taxable Goods";"<p>Maailman ensimmäiset laser menetelmällä tehdyt minkkiripset. Ne pysyvät huomattavasti pidempään kuin klassiset ripset. Niiden salaisuus on laser menetelmällä tehdyt mikroskooppiset urat vaaka- ja pystysuunnassa. Tämän ansiosta kiinnityksen pinta-alaa saadaan suuremmaksi, jolloin niiden pysyvyys on merkittävästi parempi. Lisäksi laser lash ripset ovat upeammat ja pehmeämmät, sekä kevyemmät.</p><p>Miksi vaihtaa laser lash ripsiin?- Loistavan kiinnityksen myötä teet asiakkaalle ripset nopeammin ja helpommin<br />- Kiinnittyy ja pysyy asiakkaan luonnollisissa ripsissä huomattavasti pidempään (1.5 kertaa kauemmin)<br />- Niiden ulkonäkö takaa varmasti tyytyväisen asiakkaan<br />- Upeat ripset markkinoivat palvelujasi tehokkaimmin, jonka myötä asiakasmääräsi varmasti kasvavat<br />- Nostat ripsienpidennyspalveluitesi laatua uudelle tasolle</p>";"<p>Maailman ensimmäiset laser menetelmällä tehdyt minkkiripset. Ne pysyvät huomattavasti pidempään kuin klassiset ripset. Niiden salaisuus on laser menetelmällä tehdyt mikroskooppiset urat vaaka- ja pystysuunnassa. Tämän ansiosta kiinnityksen pinta-alaa saadaan suuremmaksi, jolloin niiden pysyvyys on merkittävästi parempi. Lisäksi laser lash ripset ovat upeammat ja pehmeämmät, sekä kevyemmät.</p><p>Miksi vaihtaa laser lash ripsiin?- Loistavan kiinnityksen myötä teet asiakkaalle ripset nopeammin ja helpommin<br />- Kiinnittyy ja pysyy asiakkaan luonnollisissa ripsissä huomattavasti pidempään (1.5 kertaa kauemmin)<br />- Niiden ulkonäkö takaa varmasti tyytyväisen asiakkaan<br />- Upeat ripset markkinoivat palvelujasi tehokkaimmin, jonka myötä asiakasmääräsi varmasti kasvavat<br />- Nostat ripsienpidennyspalveluitesi laatua uudelle tasolle</p>";"1000.0000";"0.0000";"1";"0";"0";"1";"1.0000";"1";"0.0000";"1";"1";"";"";"1";"0";"1";"0";"1";"0.0000";"1";"0";"0";"0";"1";"Mink Mix lashes-16lines-16";"1";"simple";"";""
"default";"base";"Default";"simple";"2,61,63";"SKU10001_17";"1";"Mink Mix lashes-16lines-17";"/v/o/volume-lashes.jpg";"/v/o/volume-lashes.jpg";"/v/o/volume-lashes.jpg";"mink-mix-lashes-16lines-17";"Block after Info Column";"22.8000";"1.0000";"Enabled";"Not Visible Individually";"Taxable Goods";"<p>Maailman ensimmäiset laser menetelmällä tehdyt minkkiripset. Ne pysyvät huomattavasti pidempään kuin klassiset ripset. Niiden salaisuus on laser menetelmällä tehdyt mikroskooppiset urat vaaka- ja pystysuunnassa. Tämän ansiosta kiinnityksen pinta-alaa saadaan suuremmaksi, jolloin niiden pysyvyys on merkittävästi parempi. Lisäksi laser lash ripset ovat upeammat ja pehmeämmät, sekä kevyemmät.</p><p>Miksi vaihtaa laser lash ripsiin?- Loistavan kiinnityksen myötä teet asiakkaalle ripset nopeammin ja helpommin<br />- Kiinnittyy ja pysyy asiakkaan luonnollisissa ripsissä huomattavasti pidempään (1.5 kertaa kauemmin)<br />- Niiden ulkonäkö takaa varmasti tyytyväisen asiakkaan<br />- Upeat ripset markkinoivat palvelujasi tehokkaimmin, jonka myötä asiakasmääräsi varmasti kasvavat<br />- Nostat ripsienpidennyspalveluitesi laatua uudelle tasolle</p>";"<p>Maailman ensimmäiset laser menetelmällä tehdyt minkkiripset. Ne pysyvät huomattavasti pidempään kuin klassiset ripset. Niiden salaisuus on laser menetelmällä tehdyt mikroskooppiset urat vaaka- ja pystysuunnassa. Tämän ansiosta kiinnityksen pinta-alaa saadaan suuremmaksi, jolloin niiden pysyvyys on merkittävästi parempi. Lisäksi laser lash ripset ovat upeammat ja pehmeämmät, sekä kevyemmät.</p><p>Miksi vaihtaa laser lash ripsiin?- Loistavan kiinnityksen myötä teet asiakkaalle ripset nopeammin ja helpommin<br />- Kiinnittyy ja pysyy asiakkaan luonnollisissa ripsissä huomattavasti pidempään (1.5 kertaa kauemmin)<br />- Niiden ulkonäkö takaa varmasti tyytyväisen asiakkaan<br />- Upeat ripset markkinoivat palvelujasi tehokkaimmin, jonka myötä asiakasmääräsi varmasti kasvavat<br />- Nostat ripsienpidennyspalveluitesi laatua uudelle tasolle</p>";"1000.0000";"0.0000";"1";"0";"0";"1";"1.0000";"1";"0.0000";"1";"1";"";"";"1";"0";"1";"0";"1";"0.0000";"1";"0";"0";"0";"1";"Mink Mix lashes-16lines-17";"1";"simple";"";""
"default";"base";"Default";"simple";"2,61,63";"SKU10001_18";"1";"Mink Mix lashes-16lines-18";"/v/o/volume-lashes.jpg";"/v/o/volume-lashes.jpg";"/v/o/volume-lashes.jpg";"mink-mix-lashes-16lines-18";"Block after Info Column";"23.8000";"1.0000";"Enabled";"Not Visible Individually";"Taxable Goods";"<p>Maailman ensimmäiset laser menetelmällä tehdyt minkkiripset. Ne pysyvät huomattavasti pidempään kuin klassiset ripset. Niiden salaisuus on laser menetelmällä tehdyt mikroskooppiset urat vaaka- ja pystysuunnassa. Tämän ansiosta kiinnityksen pinta-alaa saadaan suuremmaksi, jolloin niiden pysyvyys on merkittävästi parempi. Lisäksi laser lash ripset ovat upeammat ja pehmeämmät, sekä kevyemmät.</p><p>Miksi vaihtaa laser lash ripsiin?- Loistavan kiinnityksen myötä teet asiakkaalle ripset nopeammin ja helpommin<br />- Kiinnittyy ja pysyy asiakkaan luonnollisissa ripsissä huomattavasti pidempään (1.5 kertaa kauemmin)<br />- Niiden ulkonäkö takaa varmasti tyytyväisen asiakkaan<br />- Upeat ripset markkinoivat palvelujasi tehokkaimmin, jonka myötä asiakasmääräsi varmasti kasvavat<br />- Nostat ripsienpidennyspalveluitesi laatua uudelle tasolle</p>";"<p>Maailman ensimmäiset laser menetelmällä tehdyt minkkiripset. Ne pysyvät huomattavasti pidempään kuin klassiset ripset. Niiden salaisuus on laser menetelmällä tehdyt mikroskooppiset urat vaaka- ja pystysuunnassa. Tämän ansiosta kiinnityksen pinta-alaa saadaan suuremmaksi, jolloin niiden pysyvyys on merkittävästi parempi. Lisäksi laser lash ripset ovat upeammat ja pehmeämmät, sekä kevyemmät.</p><p>Miksi vaihtaa laser lash ripsiin?- Loistavan kiinnityksen myötä teet asiakkaalle ripset nopeammin ja helpommin<br />- Kiinnittyy ja pysyy asiakkaan luonnollisissa ripsissä huomattavasti pidempään (1.5 kertaa kauemmin)<br />- Niiden ulkonäkö takaa varmasti tyytyväisen asiakkaan<br />- Upeat ripset markkinoivat palvelujasi tehokkaimmin, jonka myötä asiakasmääräsi varmasti kasvavat<br />- Nostat ripsienpidennyspalveluitesi laatua uudelle tasolle</p>";"1000.0000";"0.0000";"1";"0";"0";"1";"1.0000";"1";"0.0000";"1";"1";"";"";"1";"0";"1";"0";"1";"0.0000";"1";"0";"0";"0";"1";"Mink Mix lashes-16lines-18";"1";"simple";"";""
"default";"base";"Default";"simple";"2,61,63";"SKU10001_19";"1";"Mink Mix lashes-16lines-19";"/v/o/volume-lashes.jpg";"/v/o/volume-lashes.jpg";"/v/o/volume-lashes.jpg";"mink-mix-lashes-16lines-19";"Block after Info Column";"24.8000";"1.0000";"Enabled";"Not Visible Individually";"Taxable Goods";"<p>Maailman ensimmäiset laser menetelmällä tehdyt minkkiripset. Ne pysyvät huomattavasti pidempään kuin klassiset ripset. Niiden salaisuus on laser menetelmällä tehdyt mikroskooppiset urat vaaka- ja pystysuunnassa. Tämän ansiosta kiinnityksen pinta-alaa saadaan suuremmaksi, jolloin niiden pysyvyys on merkittävästi parempi. Lisäksi laser lash ripset ovat upeammat ja pehmeämmät, sekä kevyemmät.</p><p>Miksi vaihtaa laser lash ripsiin?- Loistavan kiinnityksen myötä teet asiakkaalle ripset nopeammin ja helpommin<br />- Kiinnittyy ja pysyy asiakkaan luonnollisissa ripsissä huomattavasti pidempään (1.5 kertaa kauemmin)<br />- Niiden ulkonäkö takaa varmasti tyytyväisen asiakkaan<br />- Upeat ripset markkinoivat palvelujasi tehokkaimmin, jonka myötä asiakasmääräsi varmasti kasvavat<br />- Nostat ripsienpidennyspalveluitesi laatua uudelle tasolle</p>";"<p>Maailman ensimmäiset laser menetelmällä tehdyt minkkiripset. Ne pysyvät huomattavasti pidempään kuin klassiset ripset. Niiden salaisuus on laser menetelmällä tehdyt mikroskooppiset urat vaaka- ja pystysuunnassa. Tämän ansiosta kiinnityksen pinta-alaa saadaan suuremmaksi, jolloin niiden pysyvyys on merkittävästi parempi. Lisäksi laser lash ripset ovat upeammat ja pehmeämmät, sekä kevyemmät.</p><p>Miksi vaihtaa laser lash ripsiin?- Loistavan kiinnityksen myötä teet asiakkaalle ripset nopeammin ja helpommin<br />- Kiinnittyy ja pysyy asiakkaan luonnollisissa ripsissä huomattavasti pidempään (1.5 kertaa kauemmin)<br />- Niiden ulkonäkö takaa varmasti tyytyväisen asiakkaan<br />- Upeat ripset markkinoivat palvelujasi tehokkaimmin, jonka myötä asiakasmääräsi varmasti kasvavat<br />- Nostat ripsienpidennyspalveluitesi laatua uudelle tasolle</p>";"1000.0000";"0.0000";"1";"0";"0";"1";"1.0000";"1";"0.0000";"1";"1";"";"";"1";"0";"1";"0";"1";"0.0000";"1";"0";"0";"0";"1";"Mink Mix lashes-16lines-19";"1";"simple";"";""
"default";"base";"Default";"simple";"2,61,63";"SKU10001_20";"1";"Mink Mix lashes-16lines-20";"/v/o/volume-lashes.jpg";"/v/o/volume-lashes.jpg";"/v/o/volume-lashes.jpg";"mink-mix-lashes-16lines-20";"Block after Info Column";"25.8000";"1.0000";"Enabled";"Not Visible Individually";"Taxable Goods";"<p>Maailman ensimmäiset laser menetelmällä tehdyt minkkiripset. Ne pysyvät huomattavasti pidempään kuin klassiset ripset. Niiden salaisuus on laser menetelmällä tehdyt mikroskooppiset urat vaaka- ja pystysuunnassa. Tämän ansiosta kiinnityksen pinta-alaa saadaan suuremmaksi, jolloin niiden pysyvyys on merkittävästi parempi. Lisäksi laser lash ripset ovat upeammat ja pehmeämmät, sekä kevyemmät.</p><p>Miksi vaihtaa laser lash ripsiin?- Loistavan kiinnityksen myötä teet asiakkaalle ripset nopeammin ja helpommin<br />- Kiinnittyy ja pysyy asiakkaan luonnollisissa ripsissä huomattavasti pidempään (1.5 kertaa kauemmin)<br />- Niiden ulkonäkö takaa varmasti tyytyväisen asiakkaan<br />- Upeat ripset markkinoivat palvelujasi tehokkaimmin, jonka myötä asiakasmääräsi varmasti kasvavat<br />- Nostat ripsienpidennyspalveluitesi laatua uudelle tasolle</p>";"<p>Maailman ensimmäiset laser menetelmällä tehdyt minkkiripset. Ne pysyvät huomattavasti pidempään kuin klassiset ripset. Niiden salaisuus on laser menetelmällä tehdyt mikroskooppiset urat vaaka- ja pystysuunnassa. Tämän ansiosta kiinnityksen pinta-alaa saadaan suuremmaksi, jolloin niiden pysyvyys on merkittävästi parempi. Lisäksi laser lash ripset ovat upeammat ja pehmeämmät, sekä kevyemmät.</p><p>Miksi vaihtaa laser lash ripsiin?- Loistavan kiinnityksen myötä teet asiakkaalle ripset nopeammin ja helpommin<br />- Kiinnittyy ja pysyy asiakkaan luonnollisissa ripsissä huomattavasti pidempään (1.5 kertaa kauemmin)<br />- Niiden ulkonäkö takaa varmasti tyytyväisen asiakkaan<br />- Upeat ripset markkinoivat palvelujasi tehokkaimmin, jonka myötä asiakasmääräsi varmasti kasvavat<br />- Nostat ripsienpidennyspalveluitesi laatua uudelle tasolle</p>";"1000.0000";"0.0000";"1";"0";"0";"1";"1.0000";"1";"0.0000";"1";"1";"";"";"1";"0";"1";"0";"1";"0.0000";"1";"0";"0";"0";"1";"Mink Mix lashes-16lines-20";"1";"simple";"";""
"default";"base";"Default";"simple";"2,61,63";"SKU10001_21";"1";"Mink Mix lashes-16lines-21";"/v/o/volume-lashes.jpg";"/v/o/volume-lashes.jpg";"/v/o/volume-lashes.jpg";"mink-mix-lashes-16lines-21";"Block after Info Column";"26.8000";"1.0000";"Enabled";"Not Visible Individually";"Taxable Goods";"<p>Maailman ensimmäiset laser menetelmällä tehdyt minkkiripset. Ne pysyvät huomattavasti pidempään kuin klassiset ripset. Niiden salaisuus on laser menetelmällä tehdyt mikroskooppiset urat vaaka- ja pystysuunnassa. Tämän ansiosta kiinnityksen pinta-alaa saadaan suuremmaksi, jolloin niiden pysyvyys on merkittävästi parempi. Lisäksi laser lash ripset ovat upeammat ja pehmeämmät, sekä kevyemmät.</p><p>Miksi vaihtaa laser lash ripsiin?- Loistavan kiinnityksen myötä teet asiakkaalle ripset nopeammin ja helpommin<br />- Kiinnittyy ja pysyy asiakkaan luonnollisissa ripsissä huomattavasti pidempään (1.5 kertaa kauemmin)<br />- Niiden ulkonäkö takaa varmasti tyytyväisen asiakkaan<br />- Upeat ripset markkinoivat palvelujasi tehokkaimmin, jonka myötä asiakasmääräsi varmasti kasvavat<br />- Nostat ripsienpidennyspalveluitesi laatua uudelle tasolle</p>";"<p>Maailman ensimmäiset laser menetelmällä tehdyt minkkiripset. Ne pysyvät huomattavasti pidempään kuin klassiset ripset. Niiden salaisuus on laser menetelmällä tehdyt mikroskooppiset urat vaaka- ja pystysuunnassa. Tämän ansiosta kiinnityksen pinta-alaa saadaan suuremmaksi, jolloin niiden pysyvyys on merkittävästi parempi. Lisäksi laser lash ripset ovat upeammat ja pehmeämmät, sekä kevyemmät.</p><p>Miksi vaihtaa laser lash ripsiin?- Loistavan kiinnityksen myötä teet asiakkaalle ripset nopeammin ja helpommin<br />- Kiinnittyy ja pysyy asiakkaan luonnollisissa ripsissä huomattavasti pidempään (1.5 kertaa kauemmin)<br />- Niiden ulkonäkö takaa varmasti tyytyväisen asiakkaan<br />- Upeat ripset markkinoivat palvelujasi tehokkaimmin, jonka myötä asiakasmääräsi varmasti kasvavat<br />- Nostat ripsienpidennyspalveluitesi laatua uudelle tasolle</p>";"1000.0000";"0.0000";"1";"0";"0";"1";"1.0000";"1";"0.0000";"1";"1";"";"";"1";"0";"1";"0";"1";"0.0000";"1";"0";"0";"0";"1";"Mink Mix lashes-16lines-21";"1";"simple";"";""
"default";"base";"Default";"simple";"2,61,63";"SKU10001_22";"1";"Mink Mix lashes-16lines-22";"/v/o/volume-lashes.jpg";"/v/o/volume-lashes.jpg";"/v/o/volume-lashes.jpg";"mink-mix-lashes-16lines-22";"Block after Info Column";"27.8000";"1.0000";"Enabled";"Not Visible Individually";"Taxable Goods";"<p>Maailman ensimmäiset laser menetelmällä tehdyt minkkiripset. Ne pysyvät huomattavasti pidempään kuin klassiset ripset. Niiden salaisuus on laser menetelmällä tehdyt mikroskooppiset urat vaaka- ja pystysuunnassa. Tämän ansiosta kiinnityksen pinta-alaa saadaan suuremmaksi, jolloin niiden pysyvyys on merkittävästi parempi. Lisäksi laser lash ripset ovat upeammat ja pehmeämmät, sekä kevyemmät.</p><p>Miksi vaihtaa laser lash ripsiin?- Loistavan kiinnityksen myötä teet asiakkaalle ripset nopeammin ja helpommin<br />- Kiinnittyy ja pysyy asiakkaan luonnollisissa ripsissä huomattavasti pidempään (1.5 kertaa kauemmin)<br />- Niiden ulkonäkö takaa varmasti tyytyväisen asiakkaan<br />- Upeat ripset markkinoivat palvelujasi tehokkaimmin, jonka myötä asiakasmääräsi varmasti kasvavat<br />- Nostat ripsienpidennyspalveluitesi laatua uudelle tasolle</p>";"<p>Maailman ensimmäiset laser menetelmällä tehdyt minkkiripset. Ne pysyvät huomattavasti pidempään kuin klassiset ripset. Niiden salaisuus on laser menetelmällä tehdyt mikroskooppiset urat vaaka- ja pystysuunnassa. Tämän ansiosta kiinnityksen pinta-alaa saadaan suuremmaksi, jolloin niiden pysyvyys on merkittävästi parempi. Lisäksi laser lash ripset ovat upeammat ja pehmeämmät, sekä kevyemmät.</p><p>Miksi vaihtaa laser lash ripsiin?- Loistavan kiinnityksen myötä teet asiakkaalle ripset nopeammin ja helpommin<br />- Kiinnittyy ja pysyy asiakkaan luonnollisissa ripsissä huomattavasti pidempään (1.5 kertaa kauemmin)<br />- Niiden ulkonäkö takaa varmasti tyytyväisen asiakkaan<br />- Upeat ripset markkinoivat palvelujasi tehokkaimmin, jonka myötä asiakasmääräsi varmasti kasvavat<br />- Nostat ripsienpidennyspalveluitesi laatua uudelle tasolle</p>";"1000.0000";"0.0000";"1";"0";"0";"1";"1.0000";"1";"0.0000";"1";"1";"";"";"1";"0";"1";"0";"1";"0.0000";"1";"0";"0";"0";"1";"Mink Mix lashes-16lines-22";"1";"simple";"";""
"default";"base";"Default";"simple";"2,61,63";"SKU10001_23";"1";"Mink Mix lashes-16lines-23";"/v/o/volume-lashes.jpg";"/v/o/volume-lashes.jpg";"/v/o/volume-lashes.jpg";"mink-mix-lashes-16lines-23";"Block after Info Column";"28.8000";"1.0000";"Enabled";"Not Visible Individually";"Taxable Goods";"<p>Maailman ensimmäiset laser menetelmällä tehdyt minkkiripset. Ne pysyvät huomattavasti pidempään kuin klassiset ripset. Niiden salaisuus on laser menetelmällä tehdyt mikroskooppiset urat vaaka- ja pystysuunnassa. Tämän ansiosta kiinnityksen pinta-alaa saadaan suuremmaksi, jolloin niiden pysyvyys on merkittävästi parempi. Lisäksi laser lash ripset ovat upeammat ja pehmeämmät, sekä kevyemmät.</p><p>Miksi vaihtaa laser lash ripsiin?- Loistavan kiinnityksen myötä teet asiakkaalle ripset nopeammin ja helpommin<br />- Kiinnittyy ja pysyy asiakkaan luonnollisissa ripsissä huomattavasti pidempään (1.5 kertaa kauemmin)<br />- Niiden ulkonäkö takaa varmasti tyytyväisen asiakkaan<br />- Upeat ripset markkinoivat palvelujasi tehokkaimmin, jonka myötä asiakasmääräsi varmasti kasvavat<br />- Nostat ripsienpidennyspalveluitesi laatua uudelle tasolle</p>";"<p>Maailman ensimmäiset laser menetelmällä tehdyt minkkiripset. Ne pysyvät huomattavasti pidempään kuin klassiset ripset. Niiden salaisuus on laser menetelmällä tehdyt mikroskooppiset urat vaaka- ja pystysuunnassa. Tämän ansiosta kiinnityksen pinta-alaa saadaan suuremmaksi, jolloin niiden pysyvyys on merkittävästi parempi. Lisäksi laser lash ripset ovat upeammat ja pehmeämmät, sekä kevyemmät.</p><p>Miksi vaihtaa laser lash ripsiin?- Loistavan kiinnityksen myötä teet asiakkaalle ripset nopeammin ja helpommin<br />- Kiinnittyy ja pysyy asiakkaan luonnollisissa ripsissä huomattavasti pidempään (1.5 kertaa kauemmin)<br />- Niiden ulkonäkö takaa varmasti tyytyväisen asiakkaan<br />- Upeat ripset markkinoivat palvelujasi tehokkaimmin, jonka myötä asiakasmääräsi varmasti kasvavat<br />- Nostat ripsienpidennyspalveluitesi laatua uudelle tasolle</p>";"1000.0000";"0.0000";"1";"0";"0";"1";"1.0000";"1";"0.0000";"1";"1";"";"";"1";"0";"1";"0";"1";"0.0000";"1";"0";"0";"0";"1";"Mink Mix lashes-16lines-23";"1";"simple";"";""
"default";"base";"Default";"simple";"2,64";"SKU10001_24";"1";"Mink Mix lashes-16lines-24";"/v/o/volume-lashes.jpg";"/v/o/volume-lashes.jpg";"/v/o/volume-lashes.jpg";"mink-mix-lashes-16lines-24";"Block after Info Column";"29.8000";"1.0000";"Enabled";"Not Visible Individually";"Taxable Goods";"<p>Maailman ensimmäiset laser menetelmällä tehdyt minkkiripset. Ne pysyvät huomattavasti pidempään kuin klassiset ripset. Niiden salaisuus on laser menetelmällä tehdyt mikroskooppiset urat vaaka- ja pystysuunnassa. Tämän ansiosta kiinnityksen pinta-alaa saadaan suuremmaksi, jolloin niiden pysyvyys on merkittävästi parempi. Lisäksi laser lash ripset ovat upeammat ja pehmeämmät, sekä kevyemmät.</p><p>Miksi vaihtaa laser lash ripsiin?- Loistavan kiinnityksen myötä teet asiakkaalle ripset nopeammin ja helpommin<br />- Kiinnittyy ja pysyy asiakkaan luonnollisissa ripsissä huomattavasti pidempään (1.5 kertaa kauemmin)<br />- Niiden ulkonäkö takaa varmasti tyytyväisen asiakkaan<br />- Upeat ripset markkinoivat palvelujasi tehokkaimmin, jonka myötä asiakasmääräsi varmasti kasvavat<br />- Nostat ripsienpidennyspalveluitesi laatua uudelle tasolle</p>";"<p>Maailman ensimmäiset laser menetelmällä tehdyt minkkiripset. Ne pysyvät huomattavasti pidempään kuin klassiset ripset. Niiden salaisuus on laser menetelmällä tehdyt mikroskooppiset urat vaaka- ja pystysuunnassa. Tämän ansiosta kiinnityksen pinta-alaa saadaan suuremmaksi, jolloin niiden pysyvyys on merkittävästi parempi. Lisäksi laser lash ripset ovat upeammat ja pehmeämmät, sekä kevyemmät.</p><p>Miksi vaihtaa laser lash ripsiin?- Loistavan kiinnityksen myötä teet asiakkaalle ripset nopeammin ja helpommin<br />- Kiinnittyy ja pysyy asiakkaan luonnollisissa ripsissä huomattavasti pidempään (1.5 kertaa kauemmin)<br />- Niiden ulkonäkö takaa varmasti tyytyväisen asiakkaan<br />- Upeat ripset markkinoivat palvelujasi tehokkaimmin, jonka myötä asiakasmääräsi varmasti kasvavat<br />- Nostat ripsienpidennyspalveluitesi laatua uudelle tasolle</p>";"1000.0000";"0.0000";"1";"0";"0";"1";"1.0000";"1";"0.0000";"1";"1";"";"";"1";"0";"1";"0";"1";"0.0000";"1";"0";"0";"0";"1";"Mink Mix lashes-16lines-24";"1";"simple";"";""
"default";"base";"Default";"simple";"2,64";"SKU10001_25";"1";"Mink Mix lashes-16lines-25";"/v/o/volume-lashes.jpg";"/v/o/volume-lashes.jpg";"/v/o/volume-lashes.jpg";"mink-mix-lashes-16lines-25";"Block after Info Column";"30.8000";"1.0000";"Enabled";"Not Visible Individually";"Taxable Goods";"<p>Maailman ensimmäiset laser menetelmällä tehdyt minkkiripset. Ne pysyvät huomattavasti pidempään kuin klassiset ripset. Niiden salaisuus on laser menetelmällä tehdyt mikroskooppiset urat vaaka- ja pystysuunnassa. Tämän ansiosta kiinnityksen pinta-alaa saadaan suuremmaksi, jolloin niiden pysyvyys on merkittävästi parempi. Lisäksi laser lash ripset ovat upeammat ja pehmeämmät, sekä kevyemmät.</p><p>Miksi vaihtaa laser lash ripsiin?- Loistavan kiinnityksen myötä teet asiakkaalle ripset nopeammin ja helpommin<br />- Kiinnittyy ja pysyy asiakkaan luonnollisissa ripsissä huomattavasti pidempään (1.5 kertaa kauemmin)<br />- Niiden ulkonäkö takaa varmasti tyytyväisen asiakkaan<br />- Upeat ripset markkinoivat palvelujasi tehokkaimmin, jonka myötä asiakasmääräsi varmasti kasvavat<br />- Nostat ripsienpidennyspalveluitesi laatua uudelle tasolle</p>";"<p>Maailman ensimmäiset laser menetelmällä tehdyt minkkiripset. Ne pysyvät huomattavasti pidempään kuin klassiset ripset. Niiden salaisuus on laser menetelmällä tehdyt mikroskooppiset urat vaaka- ja pystysuunnassa. Tämän ansiosta kiinnityksen pinta-alaa saadaan suuremmaksi, jolloin niiden pysyvyys on merkittävästi parempi. Lisäksi laser lash ripset ovat upeammat ja pehmeämmät, sekä kevyemmät.</p><p>Miksi vaihtaa laser lash ripsiin?- Loistavan kiinnityksen myötä teet asiakkaalle ripset nopeammin ja helpommin<br />- Kiinnittyy ja pysyy asiakkaan luonnollisissa ripsissä huomattavasti pidempään (1.5 kertaa kauemmin)<br />- Niiden ulkonäkö takaa varmasti tyytyväisen asiakkaan<br />- Upeat ripset markkinoivat palvelujasi tehokkaimmin, jonka myötä asiakasmääräsi varmasti kasvavat<br />- Nostat ripsienpidennyspalveluitesi laatua uudelle tasolle</p>";"1000.0000";"0.0000";"1";"0";"0";"1";"1.0000";"1";"0.0000";"1";"1";"";"";"1";"0";"1";"0";"1";"0.0000";"1";"0";"0";"0";"1";"Mink Mix lashes-16lines-25";"1";"simple";"";""
"default";"base";"Default";"simple";"2,64";"SKU10001_26";"1";"Mink Mix lashes-16lines-26";"/v/o/volume-lashes.jpg";"/v/o/volume-lashes.jpg";"/v/o/volume-lashes.jpg";"mink-mix-lashes-16lines-26";"Block after Info Column";"31.8000";"1.0000";"Enabled";"Not Visible Individually";"Taxable Goods";"<p>Maailman ensimmäiset laser menetelmällä tehdyt minkkiripset. Ne pysyvät huomattavasti pidempään kuin klassiset ripset. Niiden salaisuus on laser menetelmällä tehdyt mikroskooppiset urat vaaka- ja pystysuunnassa. Tämän ansiosta kiinnityksen pinta-alaa saadaan suuremmaksi, jolloin niiden pysyvyys on merkittävästi parempi. Lisäksi laser lash ripset ovat upeammat ja pehmeämmät, sekä kevyemmät.</p><p>Miksi vaihtaa laser lash ripsiin?- Loistavan kiinnityksen myötä teet asiakkaalle ripset nopeammin ja helpommin<br />- Kiinnittyy ja pysyy asiakkaan luonnollisissa ripsissä huomattavasti pidempään (1.5 kertaa kauemmin)<br />- Niiden ulkonäkö takaa varmasti tyytyväisen asiakkaan<br />- Upeat ripset markkinoivat palvelujasi tehokkaimmin, jonka myötä asiakasmääräsi varmasti kasvavat<br />- Nostat ripsienpidennyspalveluitesi laatua uudelle tasolle</p>";"<p>Maailman ensimmäiset laser menetelmällä tehdyt minkkiripset. Ne pysyvät huomattavasti pidempään kuin klassiset ripset. Niiden salaisuus on laser menetelmällä tehdyt mikroskooppiset urat vaaka- ja pystysuunnassa. Tämän ansiosta kiinnityksen pinta-alaa saadaan suuremmaksi, jolloin niiden pysyvyys on merkittävästi parempi. Lisäksi laser lash ripset ovat upeammat ja pehmeämmät, sekä kevyemmät.</p><p>Miksi vaihtaa laser lash ripsiin?- Loistavan kiinnityksen myötä teet asiakkaalle ripset nopeammin ja helpommin<br />- Kiinnittyy ja pysyy asiakkaan luonnollisissa ripsissä huomattavasti pidempään (1.5 kertaa kauemmin)<br />- Niiden ulkonäkö takaa varmasti tyytyväisen asiakkaan<br />- Upeat ripset markkinoivat palvelujasi tehokkaimmin, jonka myötä asiakasmääräsi varmasti kasvavat<br />- Nostat ripsienpidennyspalveluitesi laatua uudelle tasolle</p>";"1000.0000";"0.0000";"1";"0";"0";"1";"1.0000";"1";"0.0000";"1";"1";"";"";"1";"0";"1";"0";"1";"0.0000";"1";"0";"0";"0";"1";"Mink Mix lashes-16lines-26";"1";"simple";"";""
